{
    "stats": {
        "sp500": {
            "name": "S&P 500 (USA)",
            "mu": 0.07909244275747725,
            "sigma": 0.18938386775915342
        },
        "world_ex_usa": {
            "name": "World ex USA",
            "mu": 0.08276794390410339,
            "sigma": 0.20829629482728265
        },
        "emerging_markets": {
            "name": "Emerging Markets",
            "mu": 0.1273021573646282,
            "sigma": 0.2705709235498224
        },
        "quality": {
            "name": "Quality Factor",
            "mu": 0.14168008644073185,
            "sigma": 0.1724797080679866
        },
        "value": {
            "name": "Value Factor (IWD)",
            "mu": 0.09376009720085975,
            "sigma": 0.19099217860931544
        },
        "momentum": {
            "name": "Momentum Factor",
            "mu": 0.15746651649183552,
            "sigma": 0.19492767927823806
        },
        "small_cap": {
            "name": "Small Cap (IWM)",
            "mu": 0.10960868308909118,
            "sigma": 0.23958124918544135
        },
        "multifactor": {
            "name": "Multifactor",
            "mu": 0.12311012592792886,
            "sigma": 0.16795693831792646
        },
        "euro_aggregate": {
            "name": "Euro Aggregate",
            "mu": 0.015629234915797152,
            "sigma": 0.04187993888802069
        },
        "global_aggregate": {
            "name": "Global Agg Hedged",
            "mu": 0.011838974561986616,
            "sigma": 0.06040512976365436
        },
        "gold": {
            "name": "Gold (Spot)",
            "mu": 0.03154033879835729,
            "sigma": 0.09952219552297234
        }
    },
    "correlations": {
        "sp500": {
            "sp500": 1.0,
            "world_ex_usa": 0.8592330746217404,
            "emerging_markets": 0.7362571039752356,
            "quality": 0.9781778368007086,
            "value": 0.9391852030371823,
            "momentum": 0.8834510877141027,
            "small_cap": 0.8707240814810767,
            "multifactor": 0.9279938659190325,
            "euro_aggregate": 0.3194191308483238,
            "global_aggregate": -0.0298155850217422,
            "gold": -0.012432477749682662
        },
        "world_ex_usa": {
            "sp500": 0.8592330746217404,
            "world_ex_usa": 1.0,
            "emerging_markets": 0.8537397981700224,
            "quality": 0.8315190612652724,
            "value": 0.8739537853127782,
            "momentum": 0.7295288526850542,
            "small_cap": 0.7836244768374195,
            "multifactor": 0.8492950053729611,
            "euro_aggregate": 0.2726426570650955,
            "global_aggregate": -0.1478668215043483,
            "gold": 0.029201251861274344
        },
        "emerging_markets": {
            "sp500": 0.7362571039752356,
            "world_ex_usa": 0.8537397981700224,
            "emerging_markets": 1.0,
            "quality": 0.6485672808680035,
            "value": 0.7304041914328955,
            "momentum": 0.5565802113826842,
            "small_cap": 0.6965707478346318,
            "multifactor": 0.674644823622915,
            "euro_aggregate": 0.20719033094933717,
            "global_aggregate": -0.16167039863477614,
            "gold": 0.13294659535892572
        },
        "quality": {
            "sp500": 0.9781778368007086,
            "world_ex_usa": 0.8315190612652724,
            "emerging_markets": 0.6485672808680035,
            "quality": 1.0,
            "value": 0.9043712169940495,
            "momentum": 0.8648642019133551,
            "small_cap": 0.8205822681323953,
            "multifactor": 0.9223353435052144,
            "euro_aggregate": 0.45486922046234973,
            "global_aggregate": 0.009310360316432034,
            "gold": 0.03532190506485089
        },
        "value": {
            "sp500": 0.9391852030371823,
            "world_ex_usa": 0.8739537853127782,
            "emerging_markets": 0.7304041914328955,
            "quality": 0.9043712169940495,
            "value": 1.0,
            "momentum": 0.7747671900199558,
            "small_cap": 0.8818736454583724,
            "multifactor": 0.9743736559587464,
            "euro_aggregate": 0.25440280381911323,
            "global_aggregate": -0.09458904597470298,
            "gold": -0.08663265012811736
        },
        "momentum": {
            "sp500": 0.8834510877141027,
            "world_ex_usa": 0.7295288526850542,
            "emerging_markets": 0.5565802113826842,
            "quality": 0.8648642019133551,
            "value": 0.7747671900199558,
            "momentum": 1.0,
            "small_cap": 0.7383731227327609,
            "multifactor": 0.7982970215234773,
            "euro_aggregate": 0.3758714249994397,
            "global_aggregate": -0.026629150991600743,
            "gold": 0.07092080986409692
        },
        "small_cap": {
            "sp500": 0.8707240814810767,
            "world_ex_usa": 0.7836244768374195,
            "emerging_markets": 0.6965707478346318,
            "quality": 0.8205822681323953,
            "value": 0.8818736454583724,
            "momentum": 0.7383731227327609,
            "small_cap": 1.0,
            "multifactor": 0.8783136953171055,
            "euro_aggregate": 0.21687755278761423,
            "global_aggregate": -0.027787842758907545,
            "gold": -0.08865148761054331
        },
        "multifactor": {
            "sp500": 0.9279938659190325,
            "world_ex_usa": 0.8492950053729611,
            "emerging_markets": 0.674644823622915,
            "quality": 0.9223353435052144,
            "value": 0.9743736559587464,
            "momentum": 0.7982970215234773,
            "small_cap": 0.8783136953171055,
            "multifactor": 1.0,
            "euro_aggregate": 0.4231770261485084,
            "global_aggregate": -0.00147985952595059,
            "gold": 0.1093323054876401
        },
        "euro_aggregate": {
            "sp500": 0.3194191308483238,
            "world_ex_usa": 0.2726426570650955,
            "emerging_markets": 0.20719033094933717,
            "quality": 0.45486922046234973,
            "value": 0.25440280381911323,
            "momentum": 0.3758714249994397,
            "small_cap": 0.21687755278761423,
            "multifactor": 0.4231770261485084,
            "euro_aggregate": 1.0,
            "global_aggregate": 0.6620414223436921,
            "gold": 0.10101916412982499
        },
        "global_aggregate": {
            "sp500": -0.0298155850217422,
            "world_ex_usa": -0.1478668215043483,
            "emerging_markets": -0.16167039863477614,
            "quality": 0.009310360316432034,
            "value": -0.09458904597470298,
            "momentum": -0.026629150991600743,
            "small_cap": -0.027787842758907545,
            "multifactor": -0.00147985952595059,
            "euro_aggregate": 0.6620414223436921,
            "global_aggregate": 1.0,
            "gold": 0.03676951206410855
        },
        "gold": {
            "sp500": -0.012432477749682662,
            "world_ex_usa": 0.029201251861274344,
            "emerging_markets": 0.13294659535892572,
            "quality": 0.03532190506485089,
            "value": -0.08663265012811736,
            "momentum": 0.07092080986409692,
            "small_cap": -0.08865148761054331,
            "multifactor": 0.1093323054876401,
            "euro_aggregate": 0.10101916412982499,
            "global_aggregate": 0.03676951206410855,
            "gold": 1.0
        }
    }
}